
-- phpMyAdmin SQL Dump
-- version 4.1.6
-- http://www.phpmyadmin.net
--
-- Servidor: 127.0.0.1
-- Tiempo de generación: 24-08-2014 a las 16:37:22
-- Versión del servidor: 5.6.16
-- Versión de PHP: 5.5.9

SET SQL_MODE = "NO_AUTO_VALUE_ON_ZERO";
SET time_zone = "+00:00";


/*!40101 SET @OLD_CHARACTER_SET_CLIENT=@@CHARACTER_SET_CLIENT */;
/*!40101 SET @OLD_CHARACTER_SET_RESULTS=@@CHARACTER_SET_RESULTS */;
/*!40101 SET @OLD_COLLATION_CONNECTION=@@COLLATION_CONNECTION */;
/*!40101 SET NAMES utf8 */;

--
-- Base de datos: `clinicadb`
--

-- --------------------------------------------------------

--
-- Estructura de tabla para la tabla `antecedentes_medicos`
--

CREATE TABLE IF NOT EXISTS `antecedentes_medicos` (
  `rut_paciente` varchar(12) NOT NULL,
  `estatura` float NOT NULL,
  `peso` float NOT NULL,
  `alergias` varchar(500) DEFAULT 'Ninguna',
  `antecedentes_personales` varchar(500) DEFAULT 'Ninguno',
  `antecedentes_familiares` varchar(500) DEFAULT 'Ninguno',
  `habitos_toxicos` varchar(500) DEFAULT 'Ninguno',
  `examen_fisico` varchar(500) DEFAULT 'Ninguno',
  `acotaciones` varchar(500) DEFAULT 'Ninguna',
  PRIMARY KEY (`rut_paciente`),
  KEY `fk_Antecedentes_medicos_Pacientes1_idx` (`rut_paciente`)
) ENGINE=InnoDB DEFAULT CHARSET=utf8;

-- --------------------------------------------------------

--
-- Estructura de tabla para la tabla `atenciones`
--

CREATE TABLE IF NOT EXISTS `atenciones` (
  `id` int(11) NOT NULL AUTO_INCREMENT,
  `rut_paciente` varchar(12) NOT NULL,
  `rut_profesional` varchar(12) NOT NULL,
  `sintomas` varchar(1000) NOT NULL,
  `id_diagnostico` int(11) NOT NULL,
  `tratamiento` varchar(500) DEFAULT NULL,
  `observaciones` varchar(500) DEFAULT 'Ninguna',
  `fecha` date NOT NULL,
  PRIMARY KEY (`id`),
  KEY `fk_Atenciones_Diagnosticos1_idx` (`id_diagnostico`),
  KEY `fk_Atenciones_Pacientes1_idx` (`rut_paciente`),
  KEY `fk_Atenciones_Profesionales1_idx` (`rut_profesional`)
) ENGINE=InnoDB DEFAULT CHARSET=utf8 AUTO_INCREMENT=1 ;

-- --------------------------------------------------------

--
-- Estructura de tabla para la tabla `categorias_diagnosticos`
--

CREATE TABLE IF NOT EXISTS `categorias_diagnosticos` (
  `id` int(11) NOT NULL AUTO_INCREMENT,
  `categoria` varchar(45) NOT NULL,
  `descripcion` varchar(500) DEFAULT 'Sin Descripcion',
  PRIMARY KEY (`id`)
) ENGINE=InnoDB  DEFAULT CHARSET=utf8 AUTO_INCREMENT=3 ;

--
-- Volcado de datos para la tabla `categorias_diagnosticos`
--

INSERT INTO `categorias_diagnosticos` (`id`, `categoria`, `descripcion`) VALUES
(1, 'Problemas Estomacales', 'Lorem ipsum dolor sit amet, consectetur adipiscing elit. Nunc tempus in justo quis hendrerit. Duis facilisis tortor quis malesuada sollicitudin. Vestibulum sit amet arcu justo. Curabitur ut euismod orci. Aliquam sapien metus, sollicitudin eu arcu vel, facilisis tempus magna.'),
(2, 'Problemas Vasculares', 'Lorem ipsum dolor sit amet, consectetur adipiscing elit. Nunc tempus in justo quis hendrerit. Duis facilisis tortor quis malesuada sollicitudin. Vestibulum sit amet arcu justo. Curabitur ut euismod orci. Aliquam sapien metus, sollicitudin eu arcu vel, facilisis tempus magna.');

-- --------------------------------------------------------

--
-- Estructura de tabla para la tabla `citas`
--

CREATE TABLE IF NOT EXISTS `citas` (
  `id` int(11) NOT NULL AUTO_INCREMENT,
  `hora_inicio` datetime NOT NULL,
  `hora_termino` datetime NOT NULL,
  `rut_profesional` varchar(12) NOT NULL,
  `rut_paciente` varchar(12) NOT NULL,
  `motivo` varchar(150) DEFAULT NULL,
  `descripcion` varchar(500) DEFAULT 'Sin descripcion',
  `id_estado_cita` int(11) DEFAULT '1',
  `id_tipo_cita` int(11) NOT NULL DEFAULT '1',
  `registro` timestamp NULL DEFAULT CURRENT_TIMESTAMP,
  PRIMARY KEY (`id`),
  KEY `fk_citas_Profesionales_idx` (`rut_profesional`),
  KEY `fk_citas_Pacientes1_idx` (`rut_paciente`),
  KEY `fk_citas_estados_citas1_idx` (`id_estado_cita`),
  KEY `fk_citas_Tipo_cita1_idx` (`id_tipo_cita`)
) ENGINE=InnoDB  DEFAULT CHARSET=utf8 AUTO_INCREMENT=2 ;

-- --------------------------------------------------------

--
-- Estructura de tabla para la tabla `ciudades`
--

CREATE TABLE IF NOT EXISTS `ciudades` (
  `id` int(11) NOT NULL AUTO_INCREMENT,
  `ciudad` varchar(45) NOT NULL,
  `id_comuna` int(11) NOT NULL,
  PRIMARY KEY (`id`),
  KEY `fk_Ciudades_Comunas1_idx` (`id_comuna`)
) ENGINE=InnoDB  DEFAULT CHARSET=utf8 AUTO_INCREMENT=11 ;

--
-- Volcado de datos para la tabla `ciudades`
--

INSERT INTO `ciudades` (`id`, `ciudad`, `id_comuna`) VALUES
(1, 'Molina', 2),
(4, 'Curicó', 1),
(7, 'Lontué', 2),
(8, 'Pichingal', 2),
(9, 'Santa Lucía', 2),
(10, 'Maquehua', 1);

-- --------------------------------------------------------

--
-- Estructura de tabla para la tabla `comunas`
--

CREATE TABLE IF NOT EXISTS `comunas` (
  `id` int(11) NOT NULL AUTO_INCREMENT,
  `comuna` varchar(45) NOT NULL,
  `id_provincia` int(11) NOT NULL,
  PRIMARY KEY (`id`),
  KEY `fk_Comunas_Provincias1_idx` (`id_provincia`)
) ENGINE=InnoDB  DEFAULT CHARSET=utf8 AUTO_INCREMENT=21 ;

--
-- Volcado de datos para la tabla `comunas`
--

INSERT INTO `comunas` (`id`, `comuna`, `id_provincia`) VALUES
(1, 'Curicó', 1),
(2, 'Molina', 1),
(5, 'Hualañé', 1),
(6, 'Licantén', 1),
(7, 'Rauco', 1),
(8, 'Romeral', 1),
(9, 'Sagrada Familia', 1),
(10, 'Teno', 1),
(11, 'Vichuquén', 1),
(12, 'Constitución', 2),
(13, 'Curepto', 2),
(14, 'Empedrado', 2),
(15, 'Maule', 2),
(16, 'Pelarco', 2),
(17, 'Pencahue', 2),
(18, 'Río Claro', 2),
(19, 'San Clemente', 2),
(20, 'Talca', 2);

-- --------------------------------------------------------

--
-- Estructura de tabla para la tabla `diagnosticos`
--

CREATE TABLE IF NOT EXISTS `diagnosticos` (
  `id` int(11) NOT NULL AUTO_INCREMENT,
  `diagnostico` varchar(45) NOT NULL,
  `descripcion` varchar(500) DEFAULT 'Sin descripcion',
  `id_categoria` int(11) NOT NULL,
  PRIMARY KEY (`id`),
  KEY `fk_Diagnosticos_categorias_diagnosticos1_idx` (`id_categoria`)
) ENGINE=InnoDB  DEFAULT CHARSET=utf8 AUTO_INCREMENT=7 ;

--
-- Volcado de datos para la tabla `diagnosticos`
--

INSERT INTO `diagnosticos` (`id`, `diagnostico`, `descripcion`, `id_categoria`) VALUES
(1, 'Dolor estomacal', 'Lorem ipsum dolor sit amet, consectetur adipiscing elit. Nunc tempus in justo quis hendrerit. Duis facilisis tortor quis malesuada sollicitudin. Vestibulum sit amet arcu justo. Curabitur ut euismod orci. Aliquam sapien metus, sollicitudin eu arcu vel, facilisis tempus magna.', 1),
(2, 'Colon irritable', NULL, 1),
(3, 'Afliccion Cardiaca', 'Lorem ipsum dolor sit amet, consectetur adipiscing elit. Nunc tempus in justo quis hendrerit. Duis facilisis tortor quis malesuada sollicitudin. Vestibulum sit amet arcu justo. Curabitur ut euismod orci. Aliquam sapien metus, sollicitudin eu arcu vel, facilisis tempus magna.', 2),
(4, 'Problema al corazon', 'Lorem ipsum dolor sit amet, consectetur adipiscing elit. Nunc tempus in justo quis hendrerit. Duis facilisis tortor quis malesuada sollicitudin. Vestibulum sit amet arcu justo. Curabitur ut euismod orci. Aliquam sapien metus, sollicitudin eu arcu vel, facilisis tempus magna.', 2),
(5, 'Colon inestable', 'Lorem ipsum dolor sit amet, consectetur adipiscing elit. Nunc tempus in justo quis hendrerit. Duis facilisis tortor quis malesuada sollicitudin. Vestibulum sit amet arcu justo. Curabitur ut euismod orci. Aliquam sapien metus, sollicitudin eu arcu vel, facilisis tempus magna.', 1),
(6, 'Acidez estomacal', 'Lorem ipsum dolor sit amet, consectetur adipiscing elit. Nunc tempus in justo quis hendrerit. Duis facilisis tortor quis malesuada sollicitudin. Vestibulum sit amet arcu justo. Curabitur ut euismod orci. Aliquam sapien metus, sollicitudin eu arcu vel, facilisis tempus magna.', 1);

-- --------------------------------------------------------

--
-- Estructura de tabla para la tabla `especialidades_medicas`
--

CREATE TABLE IF NOT EXISTS `especialidades_medicas` (
  `id` int(11) NOT NULL AUTO_INCREMENT,
  `especialidad` varchar(45) NOT NULL,
  `descripcion` varchar(250) DEFAULT 'Sin descipcion',
  PRIMARY KEY (`id`)
) ENGINE=InnoDB  DEFAULT CHARSET=utf8 AUTO_INCREMENT=2 ;

--
-- Volcado de datos para la tabla `especialidades_medicas`
--

INSERT INTO `especialidades_medicas` (`id`, `especialidad`, `descripcion`) VALUES
(1, 'Medicina General', 'Sin descipcion');

-- --------------------------------------------------------

--
-- Estructura de tabla para la tabla `estados_citas`
--

CREATE TABLE IF NOT EXISTS `estados_citas` (
  `id` int(11) NOT NULL AUTO_INCREMENT,
  `estado` varchar(45) NOT NULL,
  `descripcion` varchar(250) DEFAULT 'Sin descripcion',
  PRIMARY KEY (`id`)
) ENGINE=InnoDB  DEFAULT CHARSET=utf8 AUTO_INCREMENT=3 ;

--
-- Volcado de datos para la tabla `estados_citas`
--

INSERT INTO `estados_citas` (`id`, `estado`, `descripcion`) VALUES
(1, 'Agendada', NULL),
(2, 'Tomada', NULL);

-- --------------------------------------------------------

--
-- Estructura de tabla para la tabla `estado_civil`
--

CREATE TABLE IF NOT EXISTS `estado_civil` (
  `id` int(11) NOT NULL AUTO_INCREMENT,
  `estado_civil` varchar(45) NOT NULL,
  `descripcion` varchar(250) DEFAULT 'Sin descripcion',
  PRIMARY KEY (`id`)
) ENGINE=InnoDB  DEFAULT CHARSET=utf8 AUTO_INCREMENT=5 ;

--
-- Volcado de datos para la tabla `estado_civil`
--

INSERT INTO `estado_civil` (`id`, `estado_civil`, `descripcion`) VALUES
(1, 'Soltero(a)', NULL),
(2, 'Casado(a)', NULL),
(3, 'Separado(a)', NULL),
(4, 'Viudo(a)', NULL);

-- --------------------------------------------------------

--
-- Estructura de tabla para la tabla `estado_procedimiento`
--

CREATE TABLE IF NOT EXISTS `estado_procedimiento` (
  `id` int(11) NOT NULL AUTO_INCREMENT,
  `estado_procedimiento` varchar(45) NOT NULL,
  `descripcion` varchar(250) DEFAULT 'Sin descripcion',
  PRIMARY KEY (`id`)
) ENGINE=InnoDB DEFAULT CHARSET=utf8 AUTO_INCREMENT=1 ;

-- --------------------------------------------------------

--
-- Estructura de tabla para la tabla `pacientes`
--

CREATE TABLE IF NOT EXISTS `pacientes` (
  `rut` varchar(12) NOT NULL,
  `nombre_1` varchar(45) NOT NULL,
  `nombre_2` varchar(45) DEFAULT NULL,
  `apellido_paterno` varchar(45) NOT NULL,
  `apellido_materno` varchar(45) NOT NULL,
  `celular` varchar(13) NOT NULL,
  `telefono` varchar(10) DEFAULT NULL,
  `id_sexo` int(11) NOT NULL,
  `id_ciudad` int(11) NOT NULL,
  `direccion` varchar(80) DEFAULT NULL,
  `email` varchar(45) DEFAULT NULL,
  `celular_contacto` varchar(13) DEFAULT NULL,
  `fecha_nacimiento` date NOT NULL,
  `id_estadocivil` int(11) NOT NULL,
  `id_prevision` int(11) NOT NULL,
  `registro` timestamp NULL DEFAULT CURRENT_TIMESTAMP,
  `foto` longblob,
  PRIMARY KEY (`rut`),
  KEY `fk_Pacientes_Estado_Civil1_idx` (`id_estadocivil`),
  KEY `fk_Pacientes_Prevision1_idx` (`id_prevision`),
  KEY `fk_Pacientes_Ciudades1_idx` (`id_ciudad`),
  KEY `fk_Pacientes_Sexo1_idx` (`id_sexo`)
) ENGINE=InnoDB DEFAULT CHARSET=utf8;

--
-- Volcado de datos para la tabla `pacientes`
--

INSERT INTO `pacientes` (`rut`, `nombre_1`, `nombre_2`, `apellido_paterno`, `apellido_materno`, `celular`, `telefono`, `id_sexo`, `id_ciudad`, `direccion`, `email`, `celular_contacto`, `fecha_nacimiento`, `id_estadocivil`, `id_prevision`, `registro`, `foto`) VALUES
('11111111-1', 'Jorge', 'Alejandro', 'Contreras', 'Aguirre', '12345678', '5566677', 1, 1, 'Lorem ipsum dolor sit amet, consectetur adipiscing elit. Ut imperdiet luctus qua', 'email@email.com', '93100226', '1980-07-24', 1, 1, '2014-08-19 05:23:34', 0xffd8ffe000104a46494600010100000100010000ffdb008400090607141312151413141414151615141818171714171418171c1414171715171717181c2820181c251c151421312125292c2e2e2e171f3338332c37282d2e2b010a0a0a0e0d0e171010182c241f242c2c2c2c2c2c2c2c2c2c2c2c2c2c2c2c2c2c2c2c2c2c2c2c2c2c2c2c2c2c2c2c2c2c2c2c2c2c2c2c2c2c2c2c2c2c2c2c2c2cffc0001108010d00bc03012200021101031101ffc4001b00000105010100000000000000000000000201030405060007ffc4003e1000010302030505060308000700000000010002110321040531061241516113227181a13291b1c1d1f00714e1234252627282a2f11516333492b2c2ffc400190100030101010000000000000000000000000102030405ffc4002611010100020202020202020300000000000001021103122131044132511371c1f0226191ffda000c03010002110311003f00bd95d0952a85852422714201402c240890b8a0397255c75419095cb8a8f8dc5329337aa39ac68e24c7fb403ae48ee0b3189db9c336637dfe0d8f7ef42a5aff00886e3314474979b7f8a0b6f41284b579c9fc41adbb029d3079993e929ec37e21bc7fd4a40f56388f428d0db7e576f2cde5bb6d86aa43497527131df6c0ff00c85879c2d2033a4108372421294a4a00124229428044251940501c50ca294810164b92a4282242e212909084022e0d4bfe92cca00574a20b27b65b53f971d9d28355d79d7701e3d4f4403bb4fb58cc34b1a37eac0b7eeb67f88f3e8bcd737ce2ae21dbd51d2780d00fe91c147c46f3c97389738dc92649ea570a053247712b94aec60a3af8588e33e898d205d71054a14b826db4905a36ca73c44ad26cded7d4c3814ea4be97f9347f29e5d0fa2cf35b0b8b3de80f6acb731657a6da94cc833d2238105482178be599a54c3540fa64ff003367bae1c885eb992e64dc4516d56e8ed41d411a83d54aa54c2d5c4a2291060488a12108309487a222b9016242e4b0961090c2e217109101d08510091c6c8353ed466a30f41ce04079b341e24f18e9aaf24a8f2f7973897389b9266fd7ef82bddaecc8d7c4903d961dd1cada9f7fc02a8a5862f706b6f278714cb5b0b185c618159b767eaeb0eb8e607ce56b325c91b4c0912ee256869d2160b1cb97f4eac783f6f37a792bc58b0fc558ff00c10f664c5f4e1eab7eda03905c70e222025fc8afe18f26ab86dd3a09e9a2815692f58c7650c7f0f28594cc720749dd0b499b2cb898a2c4dd46ad48d9ea84e91f14fd2d9b8f693b9c889c56b1442d0ec6e7bf96abbae3fb2a86fc034e81df007f44fe67b3f03bab315299692d364e652a32c2e3edeee2e27a24859ad83cdcd6a1b8e32fa7ddd23bb1dd3f7c96988400424295c171418484308d09080b3484250124212e42889484a006155ed2e34d2c3bdc2c62070b9b2b72162bf10f116a6ce1771f2b0f9a0d8571bc0124ad86cc65a1a37c8971e3f4598cb694bc4f35e8797d280165cb96a69bf063bbb4ea6c5328d2942ca6a4d10b07589ace097b34f008b755c87b44dc51ead09564e0136e011a254be928b5d8aceb34ca855c745355245262d8b23b4b97c8df6ea35faada6302a4c63241079231cb551c98769a65f65b32fcbe258e71861b3b941e27a030bd841b4eb2bc371f4b75e47295eb1b1b8bed70949c6e402d3fd862fd6deabb1e74f174ba48961242461217425704801e680b285d08901424817144e480200485e77f88ae8acc1afece6dd5c7e8bd1a179c7e22b40c4b3ad31ffb3906a8c884bc735e8981a7002caec6e024979d0003e67e4b68db2e6e4bbc9dbc38eb14aa49e6a835314c6fb440474b316f02a6635a6e2ce9b53854019ad3e253d4318c77b2e9e8b490b7b3ae29a7b518287791a5e919ed5031055855742acc6545194115b8912aa316dbab7aa555e2b5506c6e794fbf2b6bf86dff006a6fa557fc1a562b397f7e3c56cff0c41fcb543c0d527afb0d1f25d98fe31e7727e75af85c8a787d8489a4090a321094059424289242690a509485c10030bcd36fea1762c0d035807a93f3f45e8b8fadb8c2ee4bce76bd81d5a991fbed1af53c7c145cbce9ace3b70eed46cce1b7283399127ceea26d1679d8f7580b9d1e41683034fb800e000f451335ca5846f1136f85d6135bdd75d975a8f3a762310f979de33c01d1054c6e21a2cd7347ddd5d63712e0edca74e04c0996b44f12753e0144c6616a82e0f7e911b8c609902fdee173c782e8c377d473726331f76aa5b9c55992e77d15ae479cd415584924170fd47aa6a8648f730d41701d1a5ce978d0eba2b6c9b0c03dbbec1af0b79a59e5af715c585b372bd129bfb93e6a8f3bcf5b876171d4d878ab7a553b9e4b03b641ae8de9906c1672c7465dbaf857e236bea93640ddaee0e11d6550d6c1bb58744c73b9d0742bbf28c061e1cd3fcc088eb2345af5967a725cf3975b683fe666ceb214b18b6d412d332b3672d6b8774c9f8f81e29cc9a93a9d588305659e18ebc36c33ce5d6511f68190f07982b7ff0087b46306d3cdcf3eb1f2589dab64169e8ef485e9d90e17b2c3d2672a6d9f1224fa92b4c3f18c397f3a9a17392ae2a901290222101080b284a025293e69a4890252b8a0d599f4ee068e240f79597cf703bd89c3362c0127de4fff002b5f9844b3a19f7054c007bbb43720c0f0333f05cf7f3af4709be093fdf6b6c268a45505c141c354bab06ba02ca2f4acaf8013712a0e2b00d3a347b8103c015a0a97e098761d5cb60e9b51d3cb8f2b72809d760a08fb857ccc32858b3c05ca2dd9cc40c7f7565730617d4f05a86d33175475e96ed4f149a658ff00c519f85fd9ee41dd99d04c8d22daf8aaff00f856ebb7cb4bb5b6e802e75375a96d09081f855a7f2d91cb7831b77a6269e56fed496c0133bbc27a725a2a59688de31bdd2eac998702e81d6959e595ab98698eda3a3bcfa4d3024917d384af47cb3105f498e31247011a189f4581cd69efd660e5bc7e0b7f9633769307f28f5badb8efa73f36324b7feffc1e28971f9a42b57310a1288a6cf82416ab9c94f05c9a430b92fd5716a0d131add3a2abc5e1c361cd101ceb8eb0aeea3642a8cc092dd2c08fa2e7ce6b2feddbc396f8f5fa0e15d7560c37557852ac58b391bcc93e98b24738040c714350cab5cca7d9ac5624c59422034f78893ccdd3f8da80880a8717800f32e00e9722e3c13eb4779a693b6606f359accaa07388090bded6ee89740e27e6a845178a9be492eeae803c82565a3bc6c7287ef360f052eb510ab72536b9b956751c212fa39ed5b896468a156a962a6e25ea9b1552015032a8b87682e71e361ea3f45b8a2c8681c847b96272aa5bce6ff3387b81fd0adb90b7e29edc5f26fe31c5094a42e2b67292124a571425c8359c257044503821255c9524a010a8598d0069b8f9f4b5d4e841559208e608f7a566cf1cacbe19ec3ab063f82afa5cb8dd486bd73e9db2a7efd93351ff00aa5a5a6aa0e258f33060aa9e01f7529d107601bed11e6557d5a588023b4b730d12abdd95d4264d4779c23b5be9d3c7c3329bb56eda12e322c78cda140c7e12e48516be0eac4078f5f84a8afa95d963bae1e31f546eb4cb8249e161817c29aec49f155583a8f73a7743478cf8d80569b964addc72eeca6ead49baa7cc1f653ab54bc28229f69558cd779e01f09bfa4a990ae5f6b8d99c368e8f607a9fb3ef5a09434a986886800720978ae8c71d4d38f3cbb5db92250921525c420288a42504b5012ca58e29104e9424a285c1a980a128885c520a0cc9a1b54ff377bccd8fc3d5232ad9399eb25cdfe9f99faaa8edc8306cb1ca7974e37c45bb5f28e938caaaa75d4fc3d4088ada7bdb6b2a9c631dfc5f7e6ad37ed64c864fb5d51a6f85530a4f9f6873d021ec493a02adaad16916d428741c5a6212ba69daebd9a6d38f109bad540928f1b54095475b19780949a73e56ecf54adc7453365b0fbd55d50e8c040fea77e93ef0a9812e7358dd5c40f7d96ef2ec1b69536b1bc353ccf1255e13ed97265a9a4825222284ad5ce12b895cb9064490ba174202e0a425290ba534061722212420c885194880ce6798c1db0a7c99bdef311e92a1d7a21c154ed0e2e716f734fb24347f6883eb2ad32ec5b6a091a8d47259f2636796fc594b34aea81ece12149c1e60058d95855a3234501f8204dc2cb6dba2d2963420c56324595454c039becb88516ad0a9c4aaec732d2ef0753adca0ad58033c7eaa84d5a8de2a355acf3c52dece65a89998e3a2799e0aa1aff327d139f9626e4a2a81b4c4946ff48bfb43c5e20b0020c3a410794199f45ea39762c55a4ca83f7da0f81e23c8c85e435dc5c64f9745b7fc3ecc258ea27569de6f81f68791f8ada63a8e5cb2ed5ad2521288a17a6410122e21739064284b5124010174ba172e4d0485c890b8c5cdada9d078a03815033ac68a345efe316f1366fafc157e67b4d4d96a63b477f88f3e3e4b1f99e6d56b9fda3ad3668b01e4ae634b6800de53b4ea39a439a482388fbb8400275816badcd277a5fe559bb5f0d7f75fe8ef0fa2b234c4ac7ba94a9d82cd1f4e03e5cde7c47d57372706bce2ebe3f91f59349d98298af83b73f14e61710d780419b271d5ac642e7746b7e94788a1d1457515695992556e3312d6753c9398ecadd21d7aa298bebc95357717993e43929354971de3fe9467ae9c38fafb7272f2f6f5e91ea04ee578d346ab2a0fdd37ea3470f74a6dc9b684eb27b0b2a0734106410083cc1121292bce725cfeb520181dbcd160d75c474e216a307b4ec75aa34b0f3f687d54f5aadc5e940e4142bb5c016b83874329d49414a12249405e3824954b986d2526599df3ee6fbd65b32cf9f56c5d69f65becfeab4985aced6a331da3a6c914ff0068ee7fba3cf8acb66b9b3ea1fda3edfc22c07971552ec4136161d3eaa3befe0b498c89dda7ab63468d13d4d93545d2250065d161748e44a60e94f534d109d668aa03a1184d02883d3227e6bb1ef03038f2ff006ac19b4b4a06f120c5ec9ac9f2aa58921f54b9cc69eeb012d04e9bce22e7a7eab5d4727a207769531fda09f79baf3f9be471f6b34eae399c9ed97c766a23b97916b42a77b26e4c95b8c5e5548c834d8091ed35a1a6dd40bac7e6187349c5baf1f2e6b4e0e5e3cbc4f68e5edf6815542aa549ace512a2e8c991b5c1a8da12b5aa740d16dd3d4aab8687c8dd731932518a689024e171e5a6412c3cc1b7df8abfc1ed13c7b603c7f10b1fa1f4596dc4b4e4684845c65f6257a2e0f34a553d9709fe1363ee3af9294e0bcd9b88e627c14fa39bbda2054701c8dfe454dc3f4aec64827524f8ae71e011b90b1ab7d3301b59135a0e89c34570a48d037b8426da48711cc4fd54c624aec1af24681bdf5c1e84840e403a6a2adcdb30dd1b8df69daf41cbc4a731b8a14db3a93ec8e7d7c02a4635ee749124f12a32bf46f4dd932061e9c0b90b58d64367ec79af3bd99c4114dad363bc4796ab778ea9bb4413ac2f139275cec77cf38c566758fdd163c179e6799b92e11ed036fbe4adf3bcc2c6ff007f70b35ba0de2e5747c5e2ed7b239b3eb3492dae1cdde161c47f09fa20098150b0c8f31c08e453c20896e9eade87eabd1719c0113426814e6f593862a531f7c57105496b2c94b1568916171520d349d92340c42e84f8a490d12968266ea71a12b69754a69f82d12224212e09b7b12b1a982848fa68c04e078404468b754d5770634b9da0f53c0298ca60b88e06feed55362dfdabedec374ebd4a9a68f4e8baa3b7dda9e1c872526a585827a9d93cfa04c46a6c3acf04b4163b1f847557b6399f4927c040e2b53b558eecd81ae63a349b1d14dd97cb06198190378c971d64917f21710a1ed6b7b86c3dd1ef5e1f26533ced77e1e248f37c73b7dc20c8fbd51b70d03a94949bde3e2ac30ede27aaf5f830d611c9cb779553d4c3c6a9a0c2c323cc70239157d5f0c0dd57d5a70b5b8b332c822469ead3c8f4ea940b8084532d32df31c08e453e1a2411a469cba29d1a4b119414c27a15900a4089c108402829f014579ba79952c80b151ebd501056aea29127984f6521c6dee9c007348d62301390384734ae70094312f62100c3de0d935f97bdaca70a01755809034da200569b1b82edb140feed21bc7c746fadfc9565777756af6028eed1a8fe351f13d1823e25cb9fe567d78aff00e34e29bc9a7d6af468f792a8b6a8770fdf057f4adf6155e794a58667ce0af163b7ede5ad6438852b0e67d7e29bcca9c3d3b8562f67e2e7db0727363ac92da146c451524222d90ba98aa3b3829c6b213b5a9a0526222e8da852809c027b5369d40e6a018ac958eb24ac9bde52678def6522852e6818d4e4aa91232c5c024de5c1510a138d0800460201c684d631b64fb426b11eca415ee365e9fb3986ecf09481d4b013e2eef7cd797137f15ebe191b8de1007b87e8bcef9f7c631d3c13cda2a0c9b9fbfb850b351ddf2568070fbe3f550f194facf8c2f363a1e6d9d616092aa68578b2d6e7ad06dcf8f80590753b8f15dbf139359ff69e6c7787f49d4aaa961ca086c29349cbd670bb134eca090acdf70a0550953816e88c6a829e88d00e10b9cc5c0a71a9843acc5103d58576a84fa6a29bffd9),
('22222222-2', 'Pedro ', 'Wenceslao', 'Ponce', 'Machuca', '789462331', '5599779', 1, 1, 'Lorem ipsum dolor sit amet, consectetur adipiscing elit. Ut imperdiet', 'pedro@gmail.com', '953148786', '1992-06-25', 1, 2, '2014-08-24 00:59:43', 0xffd8ffe000104a46494600010100000100010000ffdb00840009060614121014141214141414151516141414141414151414141514151414151414171c261e1719241914141f2f202327292c2c2c151e3135302a35262b2c2901090a0a0505050d05050d291812182929292929292929292929292929292929292929292929292929292929292929292929292929292929292929292929292929ffc000110800e100e003012200021101031101ffc4001c0000010501010100000000000000000000020103040506000708ffc4003c1000010302040305070304010305000000010002110321041231410551610622718191071332a1b1c1f05262d1142342e1728292f11516243334ffc40014010100000000000000000000000000000000ffc40014110100000000000000000000000000000000ffda000c03010002110311003f00f4529172e40a0a2085104040a29409503811029b0518406112101120594a0a62ae2037558fed0fb426d0716530d73809924168f21a9d2c836b56b35825c4340dc9007a959de23ed1f0346ceaa5e7953697fcf4f9af21ed0f6cf118977f71e62080d6d9a06f0399e6b36faa49941ecb5fdb461c7c342b387575369f492a4e1bdae619d19a8d7a723577bb8f239bbde4bc458ee691f509d67a20fa230fdbec0bc7ff00a18de8f96cf848ba9b87ed161aa18656a64ed7b1f026c57cd43147f37f3e49ea58e2d33267c6fea83e9e809085e0bc1bb54ea3199ee8e8623a5b5f395e81d9ff0069d41f14eb666bad0e8969da635eba20dc14051070201041044822e083a1084840d3932e4f38261c810a1294a128110128d36e41397224881022092110081612ae094041c138d0842368404a978e76a2961ece3733a09f347da7e2428d0792ecbdd307aecbc2abe3ab626ac39ee79166924911bf920d0f687b546b543ee8bdad06c24eba988fcbaa0aac7be5ce9924eba957982e06d6898974493b7927ebf0a2e6fe4f3fcf14194a985bfe7e6c9918492b503831116bfe7e79a5abc2a3c106686062e99761351f9e0b4a7871373b6d364b4384de3e7d35711d50669bc3099e7f909b7f0f20dc2da53e0e49b0d227633e296bf0a8d445b7bdd0611c08d7c93b4ab80244e61707711d55ae3f859bc0d2f2a89f6ff7fc20f51ec2fb51635a2862865bf72a0232c1d88dafcb9af500e04020c837042f965f2bd23d9a7b44348b7098a74b098a55641c93fe0e3fa67d2507ad3c261c149784c382068a421190848401081c13b081c104d8488a1742048441222083804402e0110083804ae786892b80547db5c68a5857124826401a4923a5d0792f69f8855c5e29e6abecd796b580c31ad048000fb95278661320005cee6de8ab3095b3b8ba222c2215e61d9dd6c79c6a82db0943903d4ab1fe9418b20c0b0c01b74564cc3dec610401816c9b20ad836f2f58fa8d15a3b0e43b9fe4a2fe9e7641475387b499926634d2275faa9786e1ed8e7ac2b21c38931164ed3e1f1a1ebb20a9fe8ed606dbdbe49976166f371a72fcbab9734de478a83585cfe4a0cf633036937d7cf979aca71be0c72e6163fcade62686fb691cb92acc76073b23c8f4e9e083cddb40c5ddf5bf551aa527b5d2d06472bcf311bd959e330915483cf4bfdb551b14cbc0ca39418f433641edfecd7b56dc660dac2efefd168655693de2059afbea088bf35a7785f36f05e2b53078ba58805d9984660499730d9e0f311f65f4852ac1ed6b9a65ae01c0f30448402424213842121037085c13842170412a1742585c811105d09420508824088040a02c17b5bc67bbc3b2ff00112d8f4365bf0bcafdb2bdc6a50601ddcaf778ba40227c21063b85d36fbb92624fe6be2b4585a4065209836bdc1f02155e0f0591a3b81c00b9307a9d55e60f0823fb660c0ee19ca67f49d905fe1db0c6b80dc790563499b83fc4155586a8f6332be998e60023e52ac68d56c4b0c5a63e7a6c8241a927c149a54e0288c82d07afcf9a9a1d61d76d903f4596b5b6eb74f7b9cba8931e7092869af89d3c3cd38f7efaf5e682b7194ae7911e52a9f134fcbcbc0ab5c5d43cc0b5badd5262b156208f416fe5045ac666378ba8e1ba9df4f18b7f0883893f49d75b0faa1c45486ffbf2d506278f61a2b696d6daf5daeb39c4704e7125b71cad20738fbad5f17a41d066c768dc4d81d8d96778a3a1bf193c89d4749120a08186692dc9f1125ad64ead25da0f1bd97d35c3a864a4c6f26b478582f05f65f4595788d2a754c5dcf67ee7b5b2013e127c97d09961036424464218400420704e9081c104985c95720e4a1222080804402108c2050b3ddb3eceb713464d9d4fbe0ef0350b44d555daec77bac15670d4b72b7c5dddfba0f0f6f1c736acec1d7d616ab8786380731f924e912c9e9b8bed2b175280b8072cdf5b194ff08e32ea2ec8ef84da0e883d472bfddc9ca622e0dc6da152851fedf7c0708f1f43aaa5e17c403e9100c489f0363e8ae281cf4f5e6503986c1b80191d986a1afd474cdfc84b5b105865c1cd69e625be645826f0d55cd02741b8bc2b0a159c46b33c9033431f4df1def9a7aa7ed796f2d08f3091d8761f8e9b4ffd23f8951eb60a8c775a5bd5ae70fba0818f0f160e6c6b37fa7fb5535b16661d3781d3958853b18d2d3dd7b9c393b5f50a1d3a6730264ed16b6bd3ac204682d6f3323a5b783f3517175009cdb98e9f853d8ec46400889db707988d565f8e7189063c089df508038be25b046a3ef3f7b79ac6714aa093f55371bc473efafdfecaa6a3a4dcca0d37b2cc239fc570d9746975477fc5ac77ddc3d57d0ee5e25ec42b30f10a93f17b97060e81cdcde7175edce40d949088a4402420704e140504848ba522024a10a2080c2208422080c2a3edb50cd8278e45aef432af42a0eddd70dc1ba4c1243478941e1f5a817540d6826f1676502799fcd5398dc3b299732b66a4f6e5bbf2b98730b07385efce0c2b3c2bf2bfba7bc083711222342afb1d87662b2babb3bd01ae731d94b80d03da75893d6faa0c7e0f8bba83b52593044fc3e7b85e95c2f127dd83cc48b83aac6f1aecad2cae34dc030086b44920fe933b7dfc56f380f058c3539325ac00f420094119fc532b4f81b750ab9ddada6c30647283baa9ed4517d325c33413a7d4aa61530f1fdccee3ce1c40fb20d9ff00ef7a5fac83ea3d13b53b4ef912d194f2d79fe058fc160f064e615da0fe87bb29f039a15ab5ad2601682069fa883633f7ea834788aed7b41e8a3678d371e9655982e28418788d8ede76b7e1522bd59688f4e7f964151c72a1cb2d33bf43cbcd60f1b8c2499d7ea41b7ca7d17a455c2e66c1cd731d2ebcf78ef0d2ca91a4e9d5052d493b7ad903584d87ca49f2015bb382e6ca069bf53d7905714709eed914a9004c0ceeef6b6b1405ecb2ae4e20d2c61739ac7913008240049fdb1365f4195e29ec978413c55ef2096b69bc871dce60df3bcfa2f6c7206ca12119425021081c11942503929172e4041104211040611840d46101b565fda20070f4da7535447806b893f4f55a86ac2f6fb1dffc8a4cd9accc3c5ee33f26041455fb3cca94c5f2b868e1620a628766ea6f59d977eeb67d4abcc0d4046c8b8a54cac21b067add053e0f0ad359b4db2403264cc91b95b8ad53ddd202c09b08e4b39d92e19fe6ef889df6571c71c33013116ffc206296103dcd2e6e689906f63636fcd1666b70aa26bf79966b81022c2368e5bf35b1e16ee63cd071eecffbc01ec80f1e846c0ff3f5419ae3bd96a38a7b6a51a82938060731d99a3fb6658e0409b72236545c4fb0fee720c3d52e7df340394cdfba3602f65a86676c07d37f290091e4429986a65ce86b2fcdd2dd795a5061b05c26b38c969906f17f9004c2d2e1b0a225c2f1fbfe67757edc1016cad9dcd89f22abb1ed0d3034f98db5415f887c49e9f4e8b21c7f0e5cdcc2445ceba11a823cff0002d2710748206fa1e5d53353045cf653fd40b089d0b2f27d47aa0c970aa4738cd373b0d6da19b5feeb578d7368e1df51c23200e1a0124f7401ff00223d15cffe9cc2ea348340235d0785d62bda471315314cc2b0f7039b988dce83d2e7cd06ebd9270cc942a54273173b283fb477beae2b76e549d8fc18a740340004088e969f3578503650946509402501465094052b815d0b8202051041980d6ca1637b4187a226a55637c5c105984e0580c67b63c131d00b9fd5ad247aa9bc1fdac606b9cbef3dd9fde32cf9941b66af31f6b8f34abd0a9b3a996f9b1d3f478579c6fda9e0e852739951b51e0775ad332765e3b5bb635f88578aee194496340b36627c741e882e69768e61ad99d2c9d3c52a5278150cc983fb41fbe8aac624d07100127fc60068207ea70127c0f24bc5180804197131a8d771e13f9641eafc078a3034447f29ac48156bc668924eba05e4d82e2b5e90eeb8e5dad63bda55d612bbea5aad4a8d2eb834dc5a419800c5f636941e8d8a7fba1dd3a7cfa053f837186d46f43f4591e098521bfdcae6b06e80033204cb89d764b5b1070d5e47ff0055432dfdaeff0021ea8378fc2099087dc803fd6b655b80e380b7a1dd76278a58c79206b1b540fe167f195b310044fe68a4e2f1927510a97138f6b1df9e082557a4096b6f722feb69dbfd27b860cf5dc5939f2c784c367fed17ea1541e2243267c2c37106e568782500da01e4f7df7249bc6df240e76cb8ab70b87cd984b5bde200976c1a3cecbcb3b19c2dd8dc59ab509804bc9f2b0fa7a25f68bc78d6adee587b8cf8babb9792d1fb38e2584a2d1efde1879131283d6f82e1b2506088eefd6ea5b95650ed7611e3bb599ff70529bc568bb4a8c3e6103c42121736b34e8e07c0a521001081c9c2136e415dc73b4b4308ccd59e1bc87f91f00bcd38e7b677b89186a61a3f53f5f45e738fe2752b3cbeabcbdc77267d3928e105e63fb6b8badf1d77f834e51f254b5ab39c65c4b8f3249faa485d081b213653c534e17402f7d948e115b2d569519e8f087bedf1083795aafbc782632db79f8ad27d028b5f02fcce0d05db651aeb3215970dc1834b50d2e13af8117f084f4b99503e6240927481b9df74155efcb9b21a33364169311b024594ce1959a00cd9a6f723c81004ceba956cee234cdb13458e1021c5b71307e217dd4e180e1ee0219e952a5fe6807876300cb1fe4d74936b876631d3234c7fc54b7625988a595c41ce0c11ab5c083980d75247894dd2ecfe1de7b945cd1fa8d5a907c89ba7313d97a2cf833022672b9db822f26342829f0bc4df42a7bbaa7916b86841121593f8a48d7f8fcd53985e181d4cb6a7788982ebb87499d2c3e6a154c253161ddf4f340c6271e609e5e6ab9b7399d3274e813f8bcadd02a5c6634990df33cbcd03bc5f8b0630df4db99e4a8307da8c4867bb155d96fe2279155fc531999d9468df99dd46a60a09359d0ee667f2e85f524c28d5468549ea81b73ee9ea78878d1ce1e0e213549b2651ee827e13b4389a46595aa0ff00a89faad170df6af8da5199c2a0fdc2fea163c042507b4702f6c946a43710d34cfead5beab7785c7d3acd0ea6e0e077057cbb955c7673b515b0751aea6e39646664f75c26e23641468821094a02480a5424a0440e47ba17206aa0b24a6e8328de13683d23b3d8a1518d066c074f88440316d09d0abdc4329d486882de64db7f3db75e7fd98c5cb1ec71b8692dcd397a8b6faad1b31ad04ba1b363a989d239d905c1eceb5c49712623411200dfa7d67d6c787f00a76360e9331ce743d60e8a26138cb1cd0d78811b91e4a46071fdd25ce80def08121c73401ce77f094170f21a2c4c4493b9169faaafc5562d0f1ac8b4ea0819ae3edd0f9c2a9c5a4b88b06b9d1c89b5b94f749f28e6ab319c609718743b3199bd84966bbe9e8825378a39acbb483a4f3e5f28f9a8eec4951f09c45b9bbc3335b07ca21df324e897dfe7765f85b2413d35b7d25041c4b8bdd1d6e45ff0a87c5aa86532d680183bc4ee5dc95abeb3402d6692093b93e3e2b37da7ab0c8e68339444c94f86a6e836c9f2103559964b45d21194c51b1840f86404013aed137b20506c85a9597091e6e1019294842fd174d903495da202889b203942e5cd291c815c85c97648805c8113b542503b83c4963a475f9823456f47159a66729e5acdccf8789e6a89187908356ce3200b1178022db1249dcde3d2cac071c0d6b438926008101db6dfe2d8ff00c6eb11fd5ab4a0f07bd7248d4dd068b15c61af86b6c0117e6d926c0f43f4494abd9af74673123991304fa855cd61da34e57d362a3bea3da7bd76f8209cf20921b26fb6c3c4291470ee3624f2f24b8068701977577470d02e10561a218164f8de233bbcd6ab8d620440d562eb5df1c90230270a16ea8ca0029923bc9e29b7840eb8d936f3646ed134f4054b44950dc256e882a6a1038fd170365d574487e140d2569b215cc36404d2950b51204668902ea7bae050200b8b51d3165c5a81a85d08f2a5ca81a014bc06232983a7d147c88da60a0d9f0a01c35527158006cab3b37888397d0f4e4b55ee67cd0667875134ab11b6b1fc2d357abdc908bfa26e60612e2000084198e20e0ca6e79dff0000593a37249dd5b76931d99f9068dd555b2c102b35468188d00940e08ca12814e899714ebcd93475407b20a9a84653550f78207aae89b71eea37a69da0f1409291857148cdd01028936114a0e66a50d4375c355d5103edfb252137efc754adac3aa02ca8484a6a78fa21357a140a1739e136412b9ec1082eb82578701b8323c16d7078b989d82f38a4fca41e4b5b82c4980468420d33f1402a5e2fc583584cdd757c41cab27c57125ce84109ce2e25c752651042ea7651c533ce104a60472a33737345ef1dc82074a029b7557744410294dee8dc137ba070a6aa9b84e266a9b84121c9b7ede2114a179d3c503652312942c404950a5408ed51b84a6dc9c06c80431753d528483540f04a8414410094dbddba74a08404d74abde0589eec4fc27e4b3a0e53d14cc2d7cae9d8a0d2f11c4c3755999924f34fe2f165d69515d50040e17264ba5017128804060a24212a06ea2266885c8986c810ea8774a126e814a66a1b84f394776a82434a176a12b521d42042806ab972022942e5c811c959a2e5c81523972e40e37444172e40a506eb9720ea9a26e8e852ae407b140d4ab901844172e40a12b972e40d3916cb972040902e5c811e9a1aa45c81f08774ab907fffd9),
('33333333-3', 'Hector', 'Sebastián', 'Retamal', 'Cañete', '956633444', '6523486', 1, 1, 'Lorem ipsum dolor sit amet, consectetur adipiscing elit. Ut imperdiet luctus qua', 'hector@gmail.com', '213548999', '2014-01-06', 1, 1, '2014-08-24 01:01:34', ''),
('44444444-4', 'Julieta', 'Belén', 'Inostroza', 'Castro', '333554898', '65652668', 1, 7, 'Lorem ipsum dolor sit amet, consectetur adipiscing elit.', 'julieta@email.com', '654895566', '2013-06-18', 2, 1, '2014-08-24 01:48:23', ''),
('55555555-5', 'Alejandra', 'Andrea', 'Fernandez', 'Osorio', '666999999', '44455566', 2, 4, 'Lorem ipsum dolor sit amet, consectetur adipiscing elit. Ut imperdiet luctus qua', 'correo@correo.com', '888888999', '1971-07-22', 3, 2, '2014-08-24 01:49:40', 0xffd8ffe000104a46494600010100000100010000ffdb00840009060714121215141214141514151414141414151414151414151514171715161414181c2820181a251c141421312125292b2e2e2e181f3338332c37282d2e2b010a0a0a0e0d0e1a10101a2c1c1c242c2c2c2c2c2c2c2c2c2c2c2c2c2c2c2c2c2c2c2c2c2c2c2c2c2c2c2c2c2c2c2c2c2c2c2c2c2c2c2c2c2c2c2c3738372c2b37ffc0001108011300b703012200021101031101ffc4001b00000105010100000000000000000000000300010204050607ffc4003f10000103010504090204030705000000000100021103040512213141516171061322328191a1b1c1d1f01442527282a2e10723336292b2c2152473e2f1ffc400190100030101010000000000000000000000000102030405ffc40023110101000202020202030100000000000000010211032112310441225113237132ffda000c03010002110311003f00c1aa50894472810b86476541329c250ac89a1102880a612381bd04b5582144b5015cb540b1592d502d54903027c08a5a906a36030c52c08909e11b1a45ad446848354804e52d1c2985109d3d83943722426212daa004268462d4d852d9860248b852404e136146c29b0a900e148351b0a7c280106a7c28b85316a006428108d098b5000214611884d09ec025a9f0a2614f850341809e14cb520d416914e13e1520d4c1829c2418a6020908512d46c2975691c030a906a38a29c5246cc1c09959c0991b05812c08d09c04880c09f0a3614b0a06c1c090623614e1a81b01d4d40d3569ed59969bcdadeee7c661be7b7c1126c6d60d3512d03580b12d578d47640c706c0fa9f559b5317e6313bdce27ca55cc0bc9d554acc68ed3da3c7e15175ef47f54f90f732b9e36c0dddf3ebf54a9db6993151b237c663e557842f375765b432a096381de368e611bab5cb32ab1ae0e692388397d7c0adaff00afb1a1b8c193b44429b87e8fcbf6bf854835419795123be396df647a1558feeb81f10a754f70c18a6da68eda6a6189000314c3118353e0400b0245a8f8122c41ab604918b52400405301334298424d096144c29da1003c29e00124c0199274038a216ae37a4d7e87bbaaa67b0d3db20f7c8fcbfb41f34f1c6da2dd0f7a5ea6b1c34ce1a5fabf33f8c6c6f354a959877a640de7d49d0059f64762767be4ce5e2787057ad0317e6ec8cc01f98fded5b6b4502b4d76b7293c9bb4fdef542d05c464dc2370d7f88ab3d59124093b206439276d374173f7c0dd96a6113a17755285df20b9c720279c6e46a94e9c0c2264c4ec075d89ed75482636813ca3e47b2a02608dc67efef6aa42f5114e0cf7838b48e0244fb205a999c0e63720bc1249df99e7f7ee8af74c18e3f5400a983bceede158a56c734ed91f796e4ed6e1833d97653b0703c15baf639048198ccff44ad398b7ae9bf740fcc6ff00cc3eaba66b41120c83a10bcf2c591e3efc975972db3090d27b2efe577d0fbacb28bd35b0a98091446850108512115c1408400884948a74055088d50088d403a2530a08f4420396e9b5f268b4526187bc492356b34cb89823cd708c7467e438ff00456ba476c356d555dfe72d6f06b0e11ed3e29aeab2758f0360d574633c6224dd1ec7662e22726ede27e8b5a8b71180092748d83ecfaa956a249868d4c4701afd1757d1bb8f0b71bc66749d46463ef8acf3cf4e9e3e1db1ac160970c5a37b440e0721ce56bdf3d1d2da0d6819b44f3244bbc49256d5cd77824be32ca38e1327d64782e9bf0c1edc2464561e776ecc7864c5e10eb310709d923c3323ef8a11b3195e81d2be8d1a671b04b49d6343c5607e009820120e838c769bcc2da7238f2e0d39cea786d9093acf90e1a64b56ad30232cb6f2431680d90731ea37157e4cae1a56b151065a7baecb91d9eaac59496f61fb3ba768fe9b148d20e1898448ee9ddb70bb87b297e343a3108703ff00d054eed39a82fe1c38e5a8cf2f8fbdc9e8d721d1e6384ecf205506da3b503f879ea13d7b4ce07e7dec279ccfd7cd1a1bdc77d65a989a0f0cf74ed5698164747df34a3f4b9cdf0d9e842d86e8a2fb499ca053bca139c902714908b92400c22350829b4a0272ac59caad28d44a03c7af21155d3fa898fdddaf95d5747acc1ad6ef224f8ac7e9958fabb4bb2c88691c728f85d0dda7311b82df2bf89f14fc9d25d977b1ae2f39931e03705bf4c1c3036e5cb8ac6b03b25b34f20172d7a38b42cac0d000d008f45769be150b39575b0a74db706ab0e10e120ea0e6b26b5c54f38c81d9c468798cbc96917376113cd4ea3724a974e16fce8f012635ccc684efe0b8cb6dd19eb0bd8eb520ec9cb8ce95f475c186a52cc0ccb782bc72d39f9b87adc79bd563a938c130766ff050ab5a4e21e2a758c9820f2da39219a5196a0fd85d31c0962c4411b72e4762715cb7134fe683e2368555d2dc8ec3f79ab0fab8c09d4764eccb627a0ed7a295f131eedee1e7844ae85af5c7741ab1c35587f296c78caeabacc96594ec44aa3d577d543ab5555a955390ad1dd59259efac9d3f14f934c29843054c159ac445a450022d3280e6ff00b42b087511546b4c807f63b2f7854aefac1a1a5c401844cf25d5deb6715293d87f331c3d32f55c8582c6c2d26a6a067c21698deb4ac65df4ea6edb7b1c0e1782ba1158188da02f2aae0d332c2d03602f18bfd2ba3e885f4ea951b4dfe7aca9cb0eb71d3c5cbdeabb6af51c1b0d905625aa9bb3352b3e04cf68811e0bb2ad626960de571fd22b0d56b604413decbd963b74535dd78d9c1822a3b98a9ed19ae92c56ca4fca9922364991cc2f3ca7d19151c0b4bc1ca5ce7ed0733c8cfa2e92e9e8bf55848ad5091fab4d6481b48f185594c67aa8e3cf2b7563a87b4ebaa90cc41da8b45b966ab3dd0564ebc66faaf2de995d429d471688824f81cd6750a18e9876c20ff0b867ea33f05dd74f2cb34f18d4083cf51f45cff45ee73569d4600e01d82a30e997681683bf2216be7f8b82f0ff006694ed7701752c710e618aacce4019630368d74ddc97316ca26855753306207082016907c42f65bbac4f6bdadab0f656a793b4261a3270de345e77d3fb2345a888cfaaa6ec406d82d20f3c3eaab8b3b6ea9fc8e2938fca07d0ea90eabc430fbae99d5d723d19185ae3c63c82d675a16de3dbceb92e56aeaabeb2acfac82ea8ae445c877d549532f4c9e93b75e14c2402986ae5749044a6a21a88c6a0caa2e2ba436670a8e0dc83a1dbb9facaedaa058d6d03f114e742df6253c6ea9c9bba6359ac74baa21f1a0eec8739c0c8cc6636ab9d0db1345a01022012addf4e6e280320065cd17a254e6a39fbbb21696fe3b6dc587f6c8f4773f2f01ecab5a28b5eded89e6a54d8e1048d54ad75c35b30206bbe172bd3b8cd6991f85a6dd1a39ab965a442ad4ab35cec8ad7a000091e38cc536ba07155aa6a14ea66527b725392bd76cbbfac9d650a836c4f8833f559dfd9eb3fede5d27aaab52990066438b5e2238c8f35d216c883b44781557a3f65141b5009cded765ac16804c6d820a72fd30ce77b5dea44e3332010c6e5d9c599f15e21d39b69a96cab541ec6214db13114c6133b22413e2bd63a69d20a767696517e3a8e1d9ca0b64778eee1bd793d4a2402226649075e62755d1c58f8d71fcbe4de3319fe8574571d5e5fa8cff45703d50b1b601e7f0ad02baa479797b4cbd41ce51253264529264901e8018a4188f813e15c1b76e820c526b5103548351b1a09cc589d22a701953f4ba0f8e7f1eaba30d42b6d805563987f30d771d87cd3996a89d57135eb97024ea9ae7be8d076625a4e71a83bd4596279a8ea51db692089ddb9512d0d271681745d5e9a4cae3771df59efa354834ed2ca6edad752350b8cf17080ba5b336a380eb5cd7706b3003cc1715e7b74df949ac0d0c196d9024aec2efbdeb3f08659dee90621ae0081ac38e4755cb94ede9616dc77741ded76ba91eb6883bdcc1ea5bc782b974de1d6341477dbebe097598b4438cbaa3068263599585700a8e797ba91a389c1c1a624b4983880c84cca9fa2f3d5750d2a53bd4aa68825eb36d8f70f51cb2ebdca0935faca92e3dc0f218232ee8d7457aa391e98fee079fa94d9f2755e4d7c002d55da74c5f0161daaa39a63bc38807dd6ff004ba8e1b5d5263370239611f458f52a31c33f30745d98fa78fc9ff555ac7566478ab41429d9a0e21983b7efef24585be2e6ce6aa098a914ca9064924901e9b09c044c09615e6ede978a109e54b0a45a8d8f1205485443286e283f162f4a2816b995d9911d97c7f29f71e4b9abd2c01ecc891231020aedad4c0f696bb4220ae3ad149cc716bb67a8de16fc597d233c74d1e8d5e4d6536b7a8639cd6b9ae7388ed691941cbbde6bafb1f4c2b3f0358194e32900bcc1cb77c2e32e6b1b1ce970f522576b74d930c16b5a3dca9e49dbab831e3b3b9b6a50b097c3ab3dcfda1a7213fb464ac9a7b549ad242335a06ab0aeacaf5d84e192ad5b446b556002c7ad6b2f30c5278e7a89d5a930d1992b77ab8a61bb800a95db60c39bb32b41e9b3b775e41d3fb23c5a5ce0243b31cc3402335ca58d85d89a4411276f9195ebfd2dbafaeb3563f9a9ff0078cfe1124788042f34a9dba4da8d06633e3c0f25d5c39ee69e67c8c3c72d817656969dd1e2372217aab62ec62e233f2fa94e1cb7c5cd9f63929a50e53cab67a3929264921a7ade14b0a2c24bcfd3d1f20f0262d44951714f43c8173505cd47794173d390bcc07b564deb641506e70d0fc1e0b52b5459969aaaf1c7b465c8cabbea1a751ad7e4275d9e6bbbb1db80700348c8ae0edb863b6401c4c2cd37f6021aca84ee9190f15ae5c76ab87e4e38f55eca2f06c664059d6cbedba373e017997fd4aabcf69c4fb2ea2e492b9f2c34eafe6f2f4d614ea5532e303705b177d8c3344acb4f256585635ac5a948e6878912921a69977d54c14abffe33ea08f95e6576d20d64713ea657a0f4e5d86cb50f068f3705c2d91b0d5bf14e9e7fcbbdc8a36ebb03a4b3b2758d8e2b23046aba9a8155b558daecf43bc7cae9c72d7b716536c18491df4a090762842d74cb6826458491a1b7a975e9bf10b07f1c98db97278babc9baeb421bad01621b721beddc51e25e6d97da556ab6a59152ddc553ab6e573045c9ab5ed4b0af9bdb07659df3fca3eaa156dd0b0aa12e792752b5c7167965b354739d9b893cca05567b2b2ed140b735a21a77356c4003ab7db67d177d7185e5746d1d5d4076687915dfdc96fca372e6e6c5ddf1b3dbbeb3b94dc6163d92da4856ff00112335c963d1c6afb2a2b140acda75256859ca9d34df4c1fed0de0599addafa8d8e4ded1f61e6b8fa2c80b4ba617875d690c19b290c3cdc7bc7d8782cf5d384d4795cf96f34432541eac6815373d5c62154a6d764e00f1dbe6aad7bbf6b0cf03af9ab352a6a77052b3ba73d8ae5b1364ac678830441e292ddab4dae198079a4aff00913e0cdfc6a46dab0faf4baf478979368db50dd6c591d7a89ac8f12db4df6b55ea5a55135509d515485b5fa6ec59f82587352a6d811b93c27005092676a8efa0e68048c8e876264ceb6356d747adf2d13ab7b2788d87c965da5b927ba723238cf2c94e5371a7165ac9e97775a815a9d6e4b87bbad784adfa36b5c7962f530cfa74365ae112f7bd851a2e77e6886f32b1a85a2339c866b99bf2f2359f13d91937eaa70c374f9397c712b149971cc932af5255ec8d86a23f212b679c7aefc9520e45af5372134466aa12b104bf3889d34392b21db02a0cab2e2470016931b967aefda9d106a63249550f2721a6f1a94e96838bc49624d853c2e860589294a1284044952b2366a379cf925851ac0cedf20501741ed14ee4c7bdee93d280d66a78aa00baaa74816e12246e2b9ebaebd363bb4e683c48d574ac208184c839cac792f6d709d39bbdaec2c24b7367fb79f055aeea408cb5120f9cfcaea9e762ca34435c6040249d13c73fa54c3bd834c464aed96d25b914034d2212b1bcba5cb5dbcb8611a6de2a8d012e522a76119cf1449a4e76b5298c828d57a9bb20aad43b14b343550b75486bcff9481edf291d551bd6ac523c5cd1f3f0ae44dba805dceed09d8b5e711dc3dd64ddd4e73571957b50156458b40111bb7264075600c24a34a727852c28b85285bb00f0a585121380801e1562c74e093c1458c928f4dc95390c0f6b8a551488cc149e104ad69a00b49da8dd19bc8d33d5b8f61da1fd2efa14ce6e2107443750014d9be953aee3b16d38e2a9db6d261acca0173b889819f926b82d98e9e127b4ccb9b76142bcc43878f2d8b193bd37c6fda744a6a8d43a4516568d20150c0f656eef64058d78de429bc348246a6351cb7ad8baedf4aa775c098ee9c9de47e14df4cb2b2d5cae73559e64a3386aabbc14a26a0e5957df71837bfd87fecb4ab2cebdc4be88e2f3e418af1f6597a5ab3370b24ec128377b8925dc54af27e1606efccf21fd7d942cc219c4c01e28fa0d0b28c44bbc0724958b1b600e0929a6e5213a492dd8924927404ece33f029a99824146bbffc412ad5b2ca0bb09c9dab1fb0f02a6def4a93ada9ce614dc10a8821f85c36c11b8ab168a785c420a82354e42672741cf495df69eaaa876cd1dc8ad8bd8660ea275e60ac2a8d5a8ca98a8b2751d9ff0049fa10a6cef6bc3f4548a307203112515bc64df567ed3489cc67cc2a74ac92720ba1b7b475672da2279ec59f77b01719dc963974e6ca7654adf5a9eb2e1b9d331c1dafbabf67bd58fc8f65dfa5df0742961ca1e313635fcc167db2c1024769bb0fc1dc539aa3b8d77e7e0a9da1b8abb3830ff33a3fe2a932d4ea66066dcb23c86855feb465506c66d1b64e5ea96b4adf4a979bf154206c868f0cbdd5a0dcdaddc09f81f2a859fb4f1ce4ad4737b678068f49f94f2fd2715fa46066920b5f23924b3d3473613a4132e86070914ca745989c0202744e120f10b76dd4054a72350242c6a8cd87c0adaba1f2dc2762c73bf6d71fd3071cb813ae4277f35a97853c4c6bc6cec9f85995d986a11b9d1eab6599d270e0613cafaa53d698ae4563667804378562c5a9fda5554e20395cb0ff0086e1fe63fed9ff008aa655cb0b65b9e98f96c8f94556223149a730a348290c88e612ade535eefecb40dff0553b30872b77b192c0372ab6710ff44b1f4c2fb5fa2f88467d119c6dd46c3e0ab0d9c5582e852a61c49f1566d8e8601bc494168ed78a56d7c93e4b4f759fa89dd4c9713b95faa733cfdb240b899a9e29c997bbf73bca54e5ed78fa4aa55c21254c3f1bc9d8320991a1b55492496ac891ec1df092495f473db46d6c05a724d713bb71b21249657d349ec0bedb158c702afd8fba7f69f64e922fa853dd63b91ac1b79149257927104957ac3dcfe31f092495545878ed3bf715129249b5fa02d7fe28fda3d956777878249299e997daff00e8457fd53a49299b63ef782a7682992573db3be9ab72f7156b7186d58df1e644a492cefb693d0565eea4924b566fffd9),
('66666666-6', 'Felipe', 'Ignacio', 'Allendes', 'Reyes', '666667444', '6555644', 1, 1, 'Lorem ipsum dolor sit amet, consectetur adipiscing elit. Ut imperdiet', 'correo@correo.com', '654444444', '2000-05-24', 1, 1, '2014-08-24 01:51:22', '');

-- --------------------------------------------------------

--
-- Estructura de tabla para la tabla `prevision`
--

CREATE TABLE IF NOT EXISTS `prevision` (
  `id` int(11) NOT NULL AUTO_INCREMENT,
  `prevision` varchar(45) NOT NULL,
  `descripcion` varchar(250) DEFAULT 'Sin descripcion',
  PRIMARY KEY (`id`)
) ENGINE=InnoDB  DEFAULT CHARSET=utf8 AUTO_INCREMENT=3 ;

--
-- Volcado de datos para la tabla `prevision`
--

INSERT INTO `prevision` (`id`, `prevision`, `descripcion`) VALUES
(1, 'Fonasa', NULL),
(2, 'Isapre', NULL);

-- --------------------------------------------------------

--
-- Estructura de tabla para la tabla `procedimientos_medicos`
--

CREATE TABLE IF NOT EXISTS `procedimientos_medicos` (
  `id` int(11) NOT NULL AUTO_INCREMENT,
  `rut_paciente` varchar(12) NOT NULL,
  `rut_profesional` varchar(12) NOT NULL,
  `procedimiento` varchar(45) NOT NULL,
  `fecha` datetime NOT NULL,
  `duracion_estimada` int(11) NOT NULL,
  `descripcion` varchar(500) DEFAULT 'Sin Descripcion',
  `id_estado_procedimiento` int(11) NOT NULL,
  PRIMARY KEY (`id`),
  KEY `fk_Procedimientos_medicos_Pacientes1_idx` (`rut_paciente`),
  KEY `fk_Procedimientos_medicos_Profesionales1_idx` (`rut_profesional`),
  KEY `fk_Procedimientos_medicos_Estado_procedimiento1_idx` (`id_estado_procedimiento`)
) ENGINE=InnoDB DEFAULT CHARSET=utf8 AUTO_INCREMENT=1 ;

-- --------------------------------------------------------

--
-- Estructura de tabla para la tabla `procedimientos_pacientes`
--

CREATE TABLE IF NOT EXISTS `procedimientos_pacientes` (
  `id` int(11) NOT NULL AUTO_INCREMENT,
  `rut_profesional` varchar(12) NOT NULL,
  `rut_paciente` varchar(12) NOT NULL,
  `id_procedimiento` int(11) NOT NULL,
  `acotaciones` varchar(500) DEFAULT NULL,
  PRIMARY KEY (`id`),
  KEY `fk_procedimientos_pacientes_Profesionales1_idx` (`rut_profesional`),
  KEY `fk_procedimientos_pacientes_Pacientes1_idx` (`rut_paciente`),
  KEY `fk_procedimientos_pacientes_procedimientos_medicos1_idx` (`id_procedimiento`)
) ENGINE=InnoDB DEFAULT CHARSET=utf8 AUTO_INCREMENT=1 ;

-- --------------------------------------------------------

--
-- Estructura de tabla para la tabla `profesionales`
--

CREATE TABLE IF NOT EXISTS `profesionales` (
  `rut` varchar(12) NOT NULL,
  `nombre_1` varchar(45) NOT NULL,
  `nombre_2` varchar(45) DEFAULT NULL,
  `apellido_paterno` varchar(45) NOT NULL,
  `apellido_materno` varchar(45) NOT NULL,
  `celular` varchar(12) NOT NULL,
  `telefono` varchar(10) DEFAULT NULL,
  `id_ciudad` int(11) NOT NULL,
  `id_sexo` int(11) NOT NULL,
  `direccion` varchar(150) NOT NULL,
  `email` varchar(45) DEFAULT NULL,
  `fecha_nacimiento` date DEFAULT NULL,
  `pass` varchar(45) DEFAULT NULL,
  `id_especialidad_medica` int(11) NOT NULL,
  `registro` timestamp NULL DEFAULT CURRENT_TIMESTAMP ON UPDATE CURRENT_TIMESTAMP,
  `foto` longblob,
  PRIMARY KEY (`rut`),
  KEY `fk_Profesionales_especialidades_medicas1_idx` (`id_especialidad_medica`),
  KEY `fk_Profesionales_Ciudades1_idx` (`id_ciudad`),
  KEY `fk_Profesionales_Sexo1_idx` (`id_sexo`)
) ENGINE=InnoDB DEFAULT CHARSET=utf8;

--
-- Volcado de datos para la tabla `profesionales`
--

INSERT INTO `profesionales` (`rut`, `nombre_1`, `nombre_2`, `apellido_paterno`, `apellido_materno`, `celular`, `telefono`, `id_ciudad`, `id_sexo`, `direccion`, `email`, `fecha_nacimiento`, `pass`, `id_especialidad_medica`, `registro`, `foto`) VALUES
('17820066-6', 'Pablo', 'Andrés', 'Allendes', 'Dote', '2132132', '654654', 1, 1, 'Lorem ipsum dolor sit amet, consectetur adipiscing elit. Ut imperdiet luctus qua', 'asd@asd.com', '2014-07-24', '123456', 1, '2014-08-14 16:41:08', 0xffd8ffe000104a46494600010100000100010000ffdb00840009060714131215141312141515151415151416171414141415141415171714141414181c2820181a251c141421312125292b2e2e2e171f3338332c37282d2e2b010a0a0a0e0d0e181010172c1c1c1c2c2c2c2c2c2c2c2c2c2c2c2c2c2c2c2c2c2c2c2c2c2c2c2c2c2c2c2c2c2c2c2c2c2c2c2c2c2c2c2d2c2c2c2e2c372c2c2b2cffc000110800c2010303012200021101031101ffc4001c0000010501010100000000000000000000030001020405060708ffc40040100001020403040804040404070000000001000203041121314151051261710613228191a1b1c10732d1f0425253e114176292237282f115244363b2c2d2ffc400190101010101010100000000000000000000000102030405ffc40023110101000202010402030000000000000000010211032131041213412251326171ffda000c03010002110311003f00f714924902492490249249067cdeca644754a3cb4a06607bb25652534124924a84924920492492049249204a9cf6d264217353f9463fb2adb636b0843745dd4f0e6b949d885fda271d6e5672cb4de386da13bb7e23aa000068d75e9c4acb33a73af7fb954629a5c203a60ae173af463c71aac9b0787b23326dcdb87114e2b0baecf356e046a8c7ef453dd5bf8dd548edc360e36e2b620ed463bdf35c175d428ac8b4b8256e7239e5c33e9e8a0a75c9ecce90b8761d4d038d7cd74f0e2e15a5f306c576976f3e58d9e4549249564924924092492409249241e51fcdb3fa43c0fd50e27c5c7e509be7f55e4e1c53179536bd3d2a63e2acc9f9431bfe90b1677e214f3ec261ccff002b5a3d971fbe99eecd075927d369e00ffcdc534d483ecb460f4f2745ccc38f737e8b88d980b98f70fcd4f2564d68ae95dbc2f895363fea34f3637e8af40f899347130ffb179a0c55963a8a51e923e24cc7fdbfedfdd38f89531f961ff69faaf3aeb4a71154ece9e8a3e264c7e487e07eaa43e26c7fd387e7f55e761e9fac547a1ff3323fe9c3f3faa5fccb98fd387e7f55e7cd7298720ef4fc4a98fc90fc0fd568ec6e99cd4675db0c3062ea52f9015375e641cbd27a2bb2c860dfc1b770d5d9379052dd358e3bba5f8b0491befadee353c4aa7109aadb8efa9bacf9996adc2e195dbdf8f16a32e343c742a8bdab622432aa4795cd65af6b33748566056bc158641d54c0a6011ad20fc94daed704ce3c10b7a985c689a66c1de4531a5735a727b55ec66eb4878cb78577792c375896d7b2e069c0e23d1674b4f10ec7ef45b974e19e32c75f13a6b1583b5081231b1a9e34aaa83e268fd2f5faacb31f7c5fb9729b62096b895d71c9e4cb1d3d0dbf13599c2f54567c4c839c3778af22df483d6b6ce9ebff00ccc97fd37f88513f13e07e944f10bc937c283a326cd3d77f99d07f45fe2125e3c6613a6cd32d41e143ac4c62207aaa9391e814e3bd65ccc5aaa3a8e8b90619693624f8ab9160d2ab0f60462053bd74a5dbc282e735bfa199bb45260448acba60162c0e13a609d45382a4141481501414e0a1d53b4e88ad6e8f40eb23b5b8dec35392f5b84c0c6860c85cea732b91e826c530dbd73c0de70ec0388ae26992eae2b972cebd9c1c7f68b9c9b14c13b45d61eb0e2415522c35aa638a5085423bc555228ba1a11478ae551e565ad1a239529a8f405162dc158d311723cbc5239e5a8b50266ada1376badc8ac3fe26912ff9a88cf98ddb68403ec565cf12093a9aae923c772edd1326e951a2cedad1eac07cfd967469e408d37d8a7dd5573b02df5174441df51739747114c443744427391767c0eb22007e51da79fe918f8d877aa8bd2bb1a3c4687b5bd97615207914c8933b49c5c69619018002c00ee490725d725d6aa5d625d6222cc58b65449537bd081546c6c6752aba6908dbad24ddcec1729b2854add11e878e4b5156e2f9a190a7085aa50f152a9d324929a0e928a7aa80b060b9c68d049fbc4e4b4e424f71d5711c6e37477e66a89b0cb623990b77e604b88c4868ad3bd6e43d9dbeedd02809030c06a166639652ebad3bc986167bbbdb63614f39a4b1e7fcbc56e17d5703b43ae8112950edd208b76a95b1aaeb6466f7d81c33153c0e8bcfbdcdbe86135d3494b78a03638cd49d14645235614488aa467a9467deeabbc68ada48817aaf15ea510e686545a18165cfed3751d5fbe4b7a3ba82d8ac29f3bc6be3cb55ac63cfcb93226221a9d1deaabc78e3708374fb462d1ddf5ff659535316ad574d76f1da04cc520d324d33316a0e0a13b101683dde055226aef05ad316b61b828b9c84e8b4407cc2ac0b11eae4846dd63a98922bc8601633e2abf23f2732aa0e4a49b753aba1c9ef255504aa887254988688c08363641a54ab505dbcfaacc958946d3556e144a2d0d77c6a9002b0da00b3e50e6ad8755153098a98c13108221248a70a0bbb2a216c46bb4ad791b15e89d1e922d05eead5d4a700bcd65da779a1a685c437c4d17a44b6d730875730371e0537c0ab1f4fc4d3af05cf2b71dcfdbd9c587c925fd74a3d279e10a3432412ddd3d65054ee5684d33a58f72d2d98d63616f31c1cd755d506d75427f67b665c22bc3834368c152d241fc4ed05f05c3c9b4c29dfe17ad7754e89579d594a816cf25c3daf6f78c96bb69ddb4c6e7e09a074861920569c13cfc9c376eb5ad1d5814228052f92e576eca9825a1bda63892dde15c32ae455f627cb2bbc87b418ebef291208a82b8195884b416db1a836a7edc56a6cdda2e655afc1672e971ca58e8229d0aad1e25072436c6a8a855a7a258ac81449cad4f034e6b2634d7816faa68f1a829ad563cf44b5472f05e8c674f17265baa7b663dc686dc8ac77c7c7bd1e6236f0a6172566cc3af4d6eb6f3dab063f669cca8c07e2782a05fdab68a7bf6558b571f3282e8cab6f260556569aff0035d2ecf96ab4772e665855cd1c57a0ec68b0f71ad2d1bc1c493a8b50792d458a5ff0e76899774d9896fc9e692d68d3c1524925cd0e1102135102a0f01eae42352b3a1157601546b427abb002cd970b460a2ad3549d0d285656443aaaacf7053684f30d4f2e2a6888dce8aca07c7693833b6798b37cfd1775d66f1a116172b99e8741a31ee39b837c057dd746ff0096d6d179b93bc9f53d34f6f1cfec2da91f746ee7f782e17694b52659146763ad8d96ded0987871ab4b80b12055509c7b1cca8c479772e796ebdb8597a6eca3891a82156dad2c1f0cb730439a7420fd2aa9ecada0e63075ad21a7e5752a393b45726e77ada43862d51bef2281add06a4a995eb518f8fbdaaed2830f7039c687803e5459276a42aee80f753fa69eab7e676731c28e2e70180dec3c1065b6643660c153add72c72cf5f92658e319f076d56cd6114d48f654a7369c435a32839d56cc79515aee81dc02cdda2c34b24995be4b96331f0e61f3715ce01c29fb2b536eece372a62110ede2390d5287285df31a9bd873baf5ef51f36e372bd30634234e5f765462806d980bb489b2806d681733d289110dd0dc2dbed248e4715665be99cf82e38ed90d68c4a13dd54ce7a1972e8f2a7553620b4a3c20ac82ec8b7b6d5b4c9bdd35aac896b3b9353458b757c5574c36c14cb9b11925af71b64276a8a7695cd040a40a8b539544e1abd2c15186169c9b551a105aafc2c1528215f82d554586568410a8345169cbb6a2aac029c97b5566c276eb975665c3a11d405cb4cb685295ddec465200a7e2713e9f4573f8d0496528f02c351a859bd118c1d007f4b9c3dc7aab5b5a437a8f61dd7370769c08d17932fe55f57835719fe0b1280533cd51fe0da5c0968c74f54364e3da69140e0e17079e8ac438d4be235c51e8c669a2ca688132d6e428a30e355466162ba4005027744286c438d168b09940a3baa5568cce28e1d62b3e6a2e28e767d00e0dad4e03040810492d78f9b7881c8e48d2cc068e78ab6a69cc268fb5e1cbb5cf706827e415abbb9a16e7758d4c7ba3ed17b5aeedbb758c1bcf3a70e6bce7a43b57f888a5f4a3476583468f752db3b6df1cdcd1a4d77753a9e2b2495db0c35e5e0f51ea3dff8e3e0c4a491482e8f224c0ae4bb6b82acd0baae856caeb226f11d96e1cd6e1adb26230b5e41143ba1517beeba6e9ac3dd9ae709be4485cabf159c9476c44c8354944013b4a8a7080cd4e4a8b51e5e0179a789d02b44a560976016ac08254b743406b4639fba3345b4185733c9255d0904fde48ad9b230a2adbdfb04e5c0713e4136ab2f9c7534ee5266d27b703407802a96f570b9f448db0b9d7209b1ad076e4660b3e95d4035e41538d3ce7125da1cb12aa815e275d14b740feaf4083b9f873530629271896ee68aae85f17749ae6b94e834f801f0cbae4870ae3850dbc174d162b49a2e194edf53d34de13414478762d1cc2ac6035a6d51c8dbc11e23052cab35a573bb7a3b5a946e29477f8a52efa041886a5459512fa0551d52ac45165184da9b050b900f165973e4806b65d2895a5ce2aacf6ca1098e9899ec4360ab5a7e679cacae385b7a70e4ce63375c56d79b7c08552fa171ff000d998e2b898f19ce357124f12aeedcda4e988ae88eccf6464d6e402cf5ea98c8f97c9cb967e6a62e93a110a72ed5658169cd9e9c2b6f97078200857ba0b5b3e58bdc0659af4ee8fc36c160cacb8cd890c00095d2cb472f200c16a35187d3a880ccb1c3030fd1c572d1b15d67c42681120d326381f10572510a9593249aa92c8024924808c2b7b6740dd6f1373c02a1b364ab473bb87bad88b4a680799556401a0179b9a018f13a23937f40abca9b56989afd15ba5399f208a85682d7273d3928b05e8120dbd029d696f13aa2116e43bcfde4934578018a54ee1995207f2da9f7de8a62eb5b2cb33c4a41b5b8b70fa27a54d458e63dc7d13b79280bd718477c5450d8e0bd21db2a2325a0468a40746861c5b705a5d703c28b89e896c533b3b065c5e1821f1b4ead942f079d9bfea5ea1f185fbb2e376d416a5a990a2994e9e8f4f9e58e5a97cb9b2da29efacfe8b4f3a342a3cef39b6a9a548cabaad098691800bcd6be96ed286faa2e18aa90df4c4223a38594929085bc6a6c325b323b31ce6ef001adc378d85746e67b94b666cb2e01f133b86e1638171f65bd1a192002701c800320325df0e2df75e7e5f5131eb1f2c3df6c2890d8c1d645739a013834123788195056ebcb3e27749cccc6309aeac286e3c9ceafa05dcf4cf69b64259cf047f111c399007e26b0d9f18f002a0712bc4977b263e1e0e4cee5776834536b149ad4663148e6509a8dd5dbbd3426d919cdb0f151432d4ce6a3305d4695574878119cdc0db45d3747768c3ad0b8034c0ae61cdecf33e8a2195a64aef4bb6cf4d5dbdd59d1ce1e22ab957b95c9c9b71686171201a80710694546262a5bb42df4941250256a425f79d5380c78f055d8da9a0cd6d3216e8dd6e589e29058826f5d14670d46830efe08b2ecb7bfba04576f3dad180bf76aab4b5098001a0f34470f12a2797209f0ff0037a2a13ad618e67d9400adab4d520321de8829863c75411eeb04ed61af138223f268e67bff006510313f77503533fbaa51226e8ae780e7aa90b057fa33b0ccecdc29715a13bd14fe5862ef3edde907ac7c13e8f7532ce9a7b68f98f975105bf2ff0071bf827f8c10eb07ef82ebf686d06c06b614203783435a060c681415ee182e77a5122f9895ad0b8eeb81a635031e560a653a75e1eb396bcc7a240b5c78d1751199a66b1760c1dda9e417450255f15d46341d4e0d03895e4d5b5f5eea4dd517c1a9c2fe755b123b1059d11a2b886fff005f45b923b29aca1c5df988ff00c745a7064f55e9c387eebc3cbeab7d60a32d2e4dca0749f6b4192977468e7b22c1a3e68afa55b0dbcf3d02d6da7390e5a13e3453bac60afd2cbe74e9cf49dfb4667ac755b09951059935b9b9dfd4713e0bbf878ab17a47b6e2cecc3e3c63da758347cac60f958de03ea551870c668a1ba60a6d66b805cfcb3a04435268cbc79688ae6d459461041301169703924d6608999ef4106b71e4a069445183bbbea84460103ee55a380f528515d614fba23b302387b855a20b20a739f31e680e56a71b9f2550a8864924905ed970aae2efca3cce0af4225c7ee8a1b221760918b8d3b804f0fb2ea573ee5634be0d8a0cb37b64e82ff4447ba8397aa7916d1bbc7335e7a05506c2e7e622dc140699a4f71ad733824416f338f0e1cd1a23a038e27d94d9904308cc3c301fb2216a7ef827380f13cd3018052c4f893c85d41088701adcfdf25ebdf0ab657f0d2a665cdac69a3fe18cc4207b3dd5a9f05e5bd1d9113334c63abba492ea634d3ce8be8cd93280341a60d0d0326802cd032016a45d2bc9ecd2497bcd5c4d4f35a4d66ee1868ac06a8c4340b4bb72db63a290dd1445867abde3588d02cee2d1915a52d26d680d68a0197d7557b72a6a8ad651666325dade4cb29ab7a0a1c0561b0c29342cee91ed56cacbc48cefc2d341abb203bd699795fc6ce90ef3db270cd9bdb8bffa83eabc99e2b6187aabfb526df1623e23cef3dee2e79d49380e03d95317b058b593319a24f757929b86430d5403540e028436d6aecaa00e5aa8c4353bbe3cb4565a2c103b3e60953127352842fe3e8867054339dd9ff57a04ccc90e23b01ad7d91e20a11c9be88062e4f228045919b627bd0e9651009c161c9672d49a6f6477faacb5024924906f489dd82db50b89f0aa51d80e188c55a9a6f6070c382a2c7db8937554f0e3170ddceab4a9bad02b61e65664087fe28a732b4f89c0799d114c2d7cf2e1c540f0c53b8f89520696ccf90409ad03dd100b733e9feea0d04594dc2e4696ef543b45bbe8a311dd93e03dd4dd6eef5cd5ad85b2dd3733025d9f8dd579fcacc5cefed1e6107a1fc2ae8c6ec013715b78af0218394315a3bbdde417ac426505154999610e1318c146b371ad1a06d82b709f55a8a20087105d1821b85d1116b14a8a486f721136af15f8cbd24eb2309561ecc2bbe99c4230ee1eabd4ba4fb69b2929123bb16b68c1abdd668f15f33ed09a73dee738d5ce24b8f126e529555fa624a96ed0506271fa266b77799f25322ab28835baa14cc4dd15f0e68d11c0024d80546134c4754e190e08092d08e27138ab74c130cf9a23b11c8208b313c8aad19f4472ea6f722b2e33aa6c88b500d6a7b823467e15d02ae1d46809dccad2ba2826c78def1f42a0d365260bd5409a0392051be51ccfb2cd8e2eacc68f5b0f155a2b73500d249241d444f90732b37f194925a696a47e63c8abf1306f2f74925045bf32837149254107cc3984e31ef4c920798c3bd77bf03da0cf47245c4114398a915a68924907b8451d93c95394c5324ac55e5149248862abcc2492d11e6bf1b5e7a8971534319d515b1a3052a3bcf8af186fcfde1324a64953cca268992591427f16f346858f77b27490146088ec4726fa249200c5c4f7fbaca67cc92488b2c164777e1e43dd3a481860550982924a2c28782844f649251155249241ffd9),
('22222222-2', 'Arturo', 'Alejandro', 'Alvarez', 'Alvarado', '778899446', '11558798', 1, 1, 'Lorem ipsum dolor sit amet, consectetur adipiscing elit. Ut imperdiet luctus qua', 'correo@correo.com', '2010-02-16', '123456', 1, '2014-08-24 20:32:33', '');

-- --------------------------------------------------------

--
-- Estructura de tabla para la tabla `provincias`
--

CREATE TABLE IF NOT EXISTS `provincias` (
  `id` int(11) NOT NULL AUTO_INCREMENT,
  `Provincia` varchar(45) NOT NULL,
  `id_region` int(11) NOT NULL,
  PRIMARY KEY (`id`),
  KEY `fk_Provincias_Regiones1_idx` (`id_region`)
) ENGINE=InnoDB  DEFAULT CHARSET=utf8 AUTO_INCREMENT=13 ;

--
-- Volcado de datos para la tabla `provincias`
--

INSERT INTO `provincias` (`id`, `Provincia`, `id_region`) VALUES
(1, 'Curicó', 7),
(2, 'Talca', 7),
(3, 'Cauquenes', 7),
(4, 'Linares', 7),
(5, 'Concepción', 8),
(6, 'Arauco', 8),
(7, 'BioBío', 8),
(9, 'Ñuble', 8),
(10, 'Cachapoal', 6),
(11, 'Cardenal Caro', 6),
(12, 'Colchagua', 6);

-- --------------------------------------------------------

--
-- Estructura de tabla para la tabla `regiones`
--

CREATE TABLE IF NOT EXISTS `regiones` (
  `id` int(11) NOT NULL,
  `region` varchar(45) NOT NULL,
  PRIMARY KEY (`id`)
) ENGINE=InnoDB DEFAULT CHARSET=utf8;

--
-- Volcado de datos para la tabla `regiones`
--

INSERT INTO `regiones` (`id`, `region`) VALUES
(1, 'Tarapacá'),
(2, 'Antofagasta'),
(3, 'Atacama'),
(4, 'Coquimbo'),
(5, 'Valparaíso'),
(6, 'OHiggins'),
(7, 'Maule'),
(8, 'Bío-Bío'),
(9, 'La Araucanía'),
(10, 'Los Lagos'),
(11, 'Aysén'),
(12, 'Magallanes'),
(13, 'Metropolitana de Santiago'),
(14, 'Los Ríos'),
(15, 'Arica y Parinacota');

-- --------------------------------------------------------

--
-- Estructura de tabla para la tabla `sexo`
--

CREATE TABLE IF NOT EXISTS `sexo` (
  `id` int(11) NOT NULL AUTO_INCREMENT,
  `sexo` varchar(45) NOT NULL,
  PRIMARY KEY (`id`)
) ENGINE=InnoDB  DEFAULT CHARSET=utf8 AUTO_INCREMENT=4 ;

--
-- Volcado de datos para la tabla `sexo`
--

INSERT INTO `sexo` (`id`, `sexo`) VALUES
(1, 'Masculino'),
(2, 'Femenino'),
(3, 'Otro');

-- --------------------------------------------------------

--
-- Estructura de tabla para la tabla `tipo_cita`
--

CREATE TABLE IF NOT EXISTS `tipo_cita` (
  `id` int(11) NOT NULL AUTO_INCREMENT,
  `tipo_cita` varchar(45) NOT NULL,
  `descripcion` varchar(250) DEFAULT NULL,
  PRIMARY KEY (`id`)
) ENGINE=InnoDB  DEFAULT CHARSET=utf8 AUTO_INCREMENT=3 ;

--
-- Volcado de datos para la tabla `tipo_cita`
--

INSERT INTO `tipo_cita` (`id`, `tipo_cita`, `descripcion`) VALUES
(1, 'Normal', NULL),
(2, 'Urgente', NULL);

-- --------------------------------------------------------

--
-- Estructura de tabla para la tabla `usuarios`
--

CREATE TABLE IF NOT EXISTS `usuarios` (
  `rut` varchar(12) NOT NULL,
  `nombre_1` varchar(45) NOT NULL,
  `nombre_2` varchar(45) DEFAULT NULL,
  `apellido_paterno` varchar(45) NOT NULL,
  `apellido_materno` varchar(45) NOT NULL,
  `calular` varchar(12) NOT NULL,
  `telefono` varchar(10) DEFAULT NULL,
  `email` varchar(45) NOT NULL,
  `id_sexo` int(11) NOT NULL,
  `pass` varchar(45) DEFAULT NULL,
  `id_ciudad` int(11) NOT NULL,
  `direccion` varchar(150) NOT NULL,
  `registro` timestamp NULL DEFAULT CURRENT_TIMESTAMP,
  PRIMARY KEY (`rut`),
  KEY `fk_Usuarios_Ciudades1_idx` (`id_ciudad`),
  KEY `fk_Usuarios_Sexo1_idx` (`id_sexo`)
) ENGINE=InnoDB DEFAULT CHARSET=utf8;

--
-- Volcado de datos para la tabla `usuarios`
--

INSERT INTO `usuarios` (`rut`, `nombre_1`, `nombre_2`, `apellido_paterno`, `apellido_materno`, `calular`, `telefono`, `email`, `id_sexo`, `pass`, `id_ciudad`, `direccion`, `registro`) VALUES
('22222222-2', 'Alejandra', 'Sofia', 'Ramirez', 'Opazo', '1234567', '5522333', 'correo@correo.com', 1, '123', 1, 'su casa', '2014-08-19 16:37:40');

--
-- Restricciones para tablas volcadas
--

--
-- Filtros para la tabla `antecedentes_medicos`
--
ALTER TABLE `antecedentes_medicos`
  ADD CONSTRAINT `fk_Antecedentes_medicos_Pacientes1` FOREIGN KEY (`rut_paciente`) REFERENCES `pacientes` (`rut`) ON DELETE CASCADE ON UPDATE CASCADE;

--
-- Filtros para la tabla `atenciones`
--
ALTER TABLE `atenciones`
  ADD CONSTRAINT `fk_Atenciones_Diagnosticos1` FOREIGN KEY (`id_diagnostico`) REFERENCES `diagnosticos` (`id`) ON DELETE CASCADE ON UPDATE CASCADE,
  ADD CONSTRAINT `fk_Atenciones_Pacientes1` FOREIGN KEY (`rut_paciente`) REFERENCES `pacientes` (`rut`) ON DELETE CASCADE ON UPDATE CASCADE,
  ADD CONSTRAINT `fk_Atenciones_Profesionales1` FOREIGN KEY (`rut_profesional`) REFERENCES `profesionales` (`rut`) ON DELETE CASCADE ON UPDATE CASCADE;

--
-- Filtros para la tabla `citas`
--
ALTER TABLE `citas`
  ADD CONSTRAINT `fk_citas_estados_citas1` FOREIGN KEY (`id_estado_cita`) REFERENCES `estados_citas` (`id`) ON DELETE CASCADE ON UPDATE CASCADE,
  ADD CONSTRAINT `fk_citas_Pacientes1` FOREIGN KEY (`rut_paciente`) REFERENCES `pacientes` (`rut`) ON DELETE CASCADE ON UPDATE CASCADE,
  ADD CONSTRAINT `fk_citas_Profesionales` FOREIGN KEY (`rut_profesional`) REFERENCES `profesionales` (`rut`) ON DELETE CASCADE ON UPDATE CASCADE,
  ADD CONSTRAINT `fk_citas_Tipo_cita1` FOREIGN KEY (`id_tipo_cita`) REFERENCES `tipo_cita` (`id`) ON DELETE CASCADE ON UPDATE CASCADE;

--
-- Filtros para la tabla `ciudades`
--
ALTER TABLE `ciudades`
  ADD CONSTRAINT `fk_Ciudades_Comunas1` FOREIGN KEY (`id_comuna`) REFERENCES `comunas` (`id`) ON DELETE CASCADE ON UPDATE CASCADE;

--
-- Filtros para la tabla `comunas`
--
ALTER TABLE `comunas`
  ADD CONSTRAINT `fk_Comunas_Provincias1` FOREIGN KEY (`id_provincia`) REFERENCES `provincias` (`id`) ON DELETE CASCADE ON UPDATE CASCADE;

--
-- Filtros para la tabla `diagnosticos`
--
ALTER TABLE `diagnosticos`
  ADD CONSTRAINT `fk_Diagnosticos_categorias_diagnosticos1` FOREIGN KEY (`id_categoria`) REFERENCES `categorias_diagnosticos` (`id`) ON DELETE CASCADE ON UPDATE CASCADE;

--
-- Filtros para la tabla `pacientes`
--
ALTER TABLE `pacientes`
  ADD CONSTRAINT `fk_Pacientes_Ciudades1` FOREIGN KEY (`id_ciudad`) REFERENCES `ciudades` (`id`) ON DELETE CASCADE ON UPDATE CASCADE,
  ADD CONSTRAINT `fk_Pacientes_Estado_Civil1` FOREIGN KEY (`id_estadocivil`) REFERENCES `estado_civil` (`id`) ON DELETE CASCADE ON UPDATE CASCADE,
  ADD CONSTRAINT `fk_Pacientes_Prevision1` FOREIGN KEY (`id_prevision`) REFERENCES `prevision` (`id`) ON DELETE CASCADE ON UPDATE CASCADE,
  ADD CONSTRAINT `fk_Pacientes_Sexo1` FOREIGN KEY (`id_sexo`) REFERENCES `sexo` (`id`) ON DELETE CASCADE ON UPDATE CASCADE;

--
-- Filtros para la tabla `procedimientos_medicos`
--
ALTER TABLE `procedimientos_medicos`
  ADD CONSTRAINT `fk_Procedimientos_medicos_Estado_procedimiento1` FOREIGN KEY (`id_estado_procedimiento`) REFERENCES `estado_procedimiento` (`id`) ON DELETE CASCADE ON UPDATE CASCADE,
  ADD CONSTRAINT `fk_Procedimientos_medicos_Pacientes1` FOREIGN KEY (`rut_paciente`) REFERENCES `pacientes` (`rut`) ON DELETE CASCADE ON UPDATE CASCADE,
  ADD CONSTRAINT `fk_Procedimientos_medicos_Profesionales1` FOREIGN KEY (`rut_profesional`) REFERENCES `profesionales` (`rut`) ON DELETE CASCADE ON UPDATE CASCADE;

--
-- Filtros para la tabla `procedimientos_pacientes`
--
ALTER TABLE `procedimientos_pacientes`
  ADD CONSTRAINT `fk_procedimientos_pacientes_Pacientes1` FOREIGN KEY (`rut_paciente`) REFERENCES `pacientes` (`rut`) ON DELETE NO ACTION ON UPDATE NO ACTION,
  ADD CONSTRAINT `fk_procedimientos_pacientes_procedimientos_medicos1` FOREIGN KEY (`id_procedimiento`) REFERENCES `procedimientos_medicos` (`id`) ON DELETE NO ACTION ON UPDATE NO ACTION,
  ADD CONSTRAINT `fk_procedimientos_pacientes_Profesionales1` FOREIGN KEY (`rut_profesional`) REFERENCES `profesionales` (`rut`) ON DELETE NO ACTION ON UPDATE NO ACTION;

--
-- Filtros para la tabla `profesionales`
--
ALTER TABLE `profesionales`
  ADD CONSTRAINT `fk_Profesionales_Ciudades1` FOREIGN KEY (`id_ciudad`) REFERENCES `ciudades` (`id`) ON DELETE NO ACTION ON UPDATE CASCADE,
  ADD CONSTRAINT `fk_Profesionales_especialidades_medicas1` FOREIGN KEY (`id_especialidad_medica`) REFERENCES `especialidades_medicas` (`id`) ON DELETE NO ACTION ON UPDATE CASCADE,
  ADD CONSTRAINT `fk_Profesionales_Sexo1` FOREIGN KEY (`id_sexo`) REFERENCES `sexo` (`id`) ON DELETE NO ACTION ON UPDATE CASCADE;

--
-- Filtros para la tabla `provincias`
--
ALTER TABLE `provincias`
  ADD CONSTRAINT `fk_Provincias_Regiones1` FOREIGN KEY (`id_region`) REFERENCES `regiones` (`id`) ON DELETE CASCADE ON UPDATE CASCADE;

--
-- Filtros para la tabla `usuarios`
--
ALTER TABLE `usuarios`
  ADD CONSTRAINT `fk_Usuarios_Ciudades1` FOREIGN KEY (`id_ciudad`) REFERENCES `ciudades` (`id`) ON DELETE NO ACTION ON UPDATE CASCADE,
  ADD CONSTRAINT `fk_Usuarios_Sexo1` FOREIGN KEY (`id_sexo`) REFERENCES `sexo` (`id`) ON DELETE NO ACTION ON UPDATE CASCADE;

/*!40101 SET CHARACTER_SET_CLIENT=@OLD_CHARACTER_SET_CLIENT */;
/*!40101 SET CHARACTER_SET_RESULTS=@OLD_CHARACTER_SET_RESULTS */;
/*!40101 SET COLLATION_CONNECTION=@OLD_COLLATION_CONNECTION */;
